{
  "version": 1,
  "author": "Edwin Santiago León Rodríguez",
  "editor": "wokwi",
  "parts": [
    {
      "type": "board-esp32-devkit-c-v4",
      "id": "esp",
      "top": -98.8,
      "left": -23.44,
      "rotate": 180,
      "attrs": { "env": "micropython-20231227-v1.22.0" }
    },
    {
      "type": "wokwi-resistor",
      "id": "r1",
      "top": -34.45,
      "left": -144,
      "attrs": { "value": "1000" }
    },
    {
      "type": "wokwi-resistor",
      "id": "r2",
      "top": 13.55,
      "left": -144,
      "attrs": { "value": "1000" }
    },
    {
      "type": "wokwi-resistor",
      "id": "r3",
      "top": 71.15,
      "left": -144,
      "attrs": { "value": "1000" }
    },
    {
      "type": "wokwi-led",
      "id": "led1",
      "top": -51.6,
      "left": -207.4,
      "attrs": { "color": "red" }
    },
    {
      "type": "wokwi-led",
      "id": "led2",
      "top": -3.6,
      "left": -207.4,
      "attrs": { "color": "yellow" }
    },
    {
      "type": "wokwi-led",
      "id": "led3",
      "top": 54,
      "left": -207.4,
      "attrs": { "color": "green" }
    }
  ],
  "connections": [
    [ "esp:TX", "$serialMonitor:RX", "", [] ],
    [ "esp:RX", "$serialMonitor:TX", "", [] ],
    [ "led1:A", "r1:1", "red", [ "v0", "h19.2", "v-19.2" ] ],
    [ "led2:A", "r2:1", "red", [ "v0", "h19.2", "v-19.2" ] ],
    [ "led3:A", "r3:1", "red", [ "v0", "h19.2", "v-19.2" ] ],
    [ "esp:GND.1", "led1:C", "black", [ "h19.05", "v163.2", "h-307.2", "v-134.4" ] ],
    [ "esp:GND.1", "led2:C", "black", [ "h19.05", "v163.2", "h-297.6", "v-86.4" ] ],
    [ "esp:GND.1", "led3:C", "black", [ "h19.05", "v163.2", "h-288.4" ] ],
    [ "esp:4", "r3:2", "red", [ "h-19.2", "v105.6" ] ],
    [ "esp:16", "r2:2", "red", [ "h-28.8", "v38.4" ] ],
    [ "esp:17", "r1:2", "red", [ "h-38.4", "v-19.2" ] ]
  ],
  "dependencies": {}
}