{
  "version": 1,
  "author": "Anonymous maker",
  "editor": "wokwi",
  "parts": [
    {
      "type": "board-esp32-devkit-c-v4",
      "id": "esp",
      "top": -28.8,
      "left": 100.84,
      "attrs": { "env": "micropython-20231227-v1.22.0" }
    },
    {
      "type": "wokwi-led",
      "id": "led1",
      "top": -13.2,
      "left": -44.2,
      "attrs": { "color": "red" }
    },
    {
      "type": "wokwi-resistor",
      "id": "r1",
      "top": 100.8,
      "left": -58.15,
      "rotate": 90,
      "attrs": { "value": "1000" }
    },
    { "type": "wokwi-pir-motion-sensor", "id": "pir1", "top": -72.8, "left": 232.62, "attrs": {} }
  ],
  "connections": [
    [ "esp:TX", "$serialMonitor:RX", "", [] ],
    [ "esp:RX", "$serialMonitor:TX", "", [] ],
    [ "led1:C", "r1:1", "green", [ "v0" ] ],
    [ "led1:A", "esp:2", "green", [ "v86.4", "h220.8" ] ],
    [ "r1:2", "esp:GND.1", "green", [ "h0" ] ],
    [ "pir1:VCC", "esp:3V3", "red", [ "v0" ] ],
    [ "esp:GND.3", "pir1:GND", "black", [ "h0" ] ],
    [ "pir1:OUT", "esp:15", "green", [ "v0" ] ]
  ],
  "dependencies": {}
}