{
  "version": 1,
  "author": "Uri Shaked",
  "editor": "wokwi",
  "parts": [
    {
      "type": "board-esp32-devkit-c-v4",
      "id": "esp",
      "top": 9.6,
      "left": -100.76,
      "attrs": { "env": "micropython-20231005-v1.21.0" }
    },
    { "type": "wokwi-led", "id": "led1", "top": 63.6, "left": 61.4, "attrs": { "color": "red" } }
  ],
  "connections": [
    [ "esp:TX", "$serialMonitor:RX", "", [] ],
    [ "esp:RX", "$serialMonitor:TX", "", [] ],
    [ "esp:17", "led1:A", "green", [ "h0" ] ],
    [ "esp:GND.1", "led1:C", "black", [ "h-9.45", "v67.2", "h-9.6" ] ]
  ],
  "dependencies": {}
}