{
  "version": 1,
  "author": "andres felipe castro puerto",
  "editor": "wokwi",
  "parts": [
    {
      "type": "board-esp32-devkit-c-v4",
      "id": "esp",
      "top": 0,
      "left": 24.04,
      "attrs": { "env": "micropython-20231227-v1.22.0" }
    },
    { "type": "wokwi-pir-motion-sensor", "id": "pir1", "top": 52, "left": -122.58, "attrs": {} }
  ],
  "connections": [
    [ "esp:TX", "$serialMonitor:RX", "", [] ],
    [ "esp:RX", "$serialMonitor:TX", "", [] ],
    [ "esp:3V3", "pir1:VCC", "red", [ "h-172.65", "v124.8", "h57.6", "v-9.6" ] ],
    [ "pir1:GND", "esp:GND.2", "black", [ "v48", "h-134.66", "v-201.6", "h326.4", "v-9.6" ] ],
    [ "pir1:OUT", "esp:15", "green", [ "v86.4", "h230.26", "v-57.6" ] ]
  ],
  "dependencies": {}
}